{"Position":{"x":-29.00206756591797,"y":15.815058708190918,"z":0.0},"Gold":45,"Experience":13,"Difficulty":2,"Name":"asd","ItemAmounts":[6,0,0,1,0,0,0,0,0]}